config,B_ext_T,J_par_T,E,gnorm
0,1.000000000e+00,2.136274452e+00,-6.536962548e-01,2.890961836e-04
0,9.950000000e-01,2.136274385e+00,-6.490152374e-01,9.177424019e-05
0,9.900000000e-01,2.136274351e+00,-6.443342156e-01,3.805276621e-05
0,9.850000000e-01,2.136274312e+00,-6.396531937e-01,3.162224807e-05
0,9.800000000e-01,2.136274271e+00,-6.349721719e-01,2.681547494e-05
0,9.750000000e-01,2.136274230e+00,-6.302911502e-01,2.417883575e-05
0,9.700000000e-01,2.136274189e+00,-6.256101285e-01,2.219484579e-05
0,9.650000000e-01,2.136274147e+00,-6.209291070e-01,2.091397669e-05
0,9.600000000e-01,2.136274104e+00,-6.162480856e-01,1.909925060e-05
0,9.550000000e-01,2.136274061e+00,-6.115670642e-01,1.819802688e-05
0,9.500000000e-01,2.136274018e+00,-6.068860430e-01,1.722176439e-05
0,9.450000000e-01,2.136273974e+00,-6.022050218e-01,1.768639147e-05
0,9.400000000e-01,2.136273929e+00,-5.975240007e-01,1.738554041e-05
0,9.350000000e-01,2.136273884e+00,-5.928429798e-01,1.737889142e-05
0,9.300000000e-01,2.136273838e+00,-5.881619589e-01,1.817368951e-05
0,9.250000000e-01,2.136273792e+00,-5.834809381e-01,1.915154377e-05
0,9.200000000e-01,2.136273746e+00,-5.787999175e-01,1.929779245e-05
0,9.150000000e-01,2.136273699e+00,-5.741188969e-01,2.175105064e-05
0,9.100000000e-01,2.136273651e+00,-5.694378765e-01,2.347225919e-05
0,9.050000000e-01,2.136273603e+00,-5.647568561e-01,2.835649047e-05
0,9.000000000e-01,2.136273551e+00,-5.600758359e-01,3.733476154e-05
0,8.950000000e-01,2.136273503e+00,-5.553948157e-01,1.262912679e-05
0,8.900000000e-01,2.136273453e+00,-5.507137957e-01,1.499845742e-05
0,8.850000000e-01,2.136273402e+00,-5.460327758e-01,1.618407425e-05
0,8.800000000e-01,2.136273350e+00,-5.413517560e-01,1.746164123e-05
0,8.750000000e-01,2.136273298e+00,-5.366707363e-01,1.921319767e-05
0,8.700000000e-01,2.136273246e+00,-5.319897167e-01,2.247317276e-05
0,8.650000000e-01,2.136273193e+00,-5.273086973e-01,3.036775104e-05
0,8.600000000e-01,2.136273134e+00,-5.226276779e-01,4.124122435e-05
0,8.550000000e-01,2.136273083e+00,-5.179466587e-01,1.871124158e-05
0,8.500000000e-01,2.136273028e+00,-5.132656396e-01,2.728838178e-05
0,8.450000000e-01,2.136272967e+00,-5.085846206e-01,3.955568555e-05
0,8.400000000e-01,2.136272914e+00,-5.039036018e-01,1.931679370e-05
0,8.350000000e-01,2.136272857e+00,-4.992225831e-01,2.830819213e-05
0,8.300000000e-01,2.136272793e+00,-4.945415645e-01,4.644141070e-05
0,8.250000000e-01,2.136272739e+00,-4.898605460e-01,2.684962807e-05
0,8.200000000e-01,2.136272672e+00,-4.851795277e-01,5.395604800e-05
0,8.150000000e-01,2.136272618e+00,-4.804985095e-01,2.988968839e-05
0,8.100000000e-01,2.136272549e+00,-4.758174914e-01,6.946816124e-05
0,8.050000000e-01,2.136272487e+00,-4.711364735e-01,4.645950387e-05
0,8.000000000e-01,2.136272431e+00,-4.664554557e-01,3.638413657e-05
0,7.950000000e-01,2.136272358e+00,-4.617744380e-01,7.833138130e-05
0,7.900000000e-01,2.136272293e+00,-4.570934205e-01,5.765110793e-05
0,7.850000000e-01,2.136272226e+00,-4.524124032e-01,5.112147105e-05
0,7.800000000e-01,2.136272159e+00,-4.477313860e-01,4.983384534e-05
0,7.750000000e-01,2.136272091e+00,-4.430503689e-01,6.443276813e-05
0,7.700000000e-01,2.136272022e+00,-4.383693520e-01,7.415571082e-05
0,7.650000000e-01,2.136271952e+00,-4.336883352e-01,8.896855761e-05
0,7.600000000e-01,2.136271877e+00,-4.290073186e-01,4.416836452e-05
0,7.550000000e-01,2.136271819e+00,-4.243263022e-01,5.067083146e-05
0,7.500000000e-01,2.136271736e+00,-4.196452859e-01,9.407946250e-05
0,7.450000000e-01,2.136271672e+00,-4.149642697e-01,5.259157115e-05
0,7.400000000e-01,2.136271586e+00,-4.102832537e-01,1.068636904e-04
0,7.350000000e-01,2.136271519e+00,-4.056022380e-01,5.814614844e-05
0,7.300000000e-01,2.136271444e+00,-4.009212223e-01,5.065170892e-05
0,7.250000000e-01,2.136271356e+00,-3.962402069e-01,1.258235424e-04
0,7.200000000e-01,2.136271280e+00,-3.915591916e-01,8.780571700e-05
0,7.150000000e-01,2.136271201e+00,-3.868781765e-01,8.138288061e-05
0,7.100000000e-01,2.136271120e+00,-3.821971616e-01,7.676280670e-05
0,7.050000000e-01,2.136271036e+00,-3.775161468e-01,8.194034073e-05
0,7.000000000e-01,2.136270950e+00,-3.728351323e-01,9.248443942e-05
0,6.950000000e-01,2.136270863e+00,-3.681541179e-01,1.055624410e-04
0,6.900000000e-01,2.136270782e+00,-3.634731037e-01,1.243708115e-04
0,6.850000000e-01,2.136270665e+00,-3.587920897e-01,1.682907012e-04
0,6.800000000e-01,2.136270610e+00,-3.541110760e-01,8.661798563e-05
0,6.750000000e-01,2.136270484e+00,-3.494300624e-01,6.347021281e-05
0,6.700000000e-01,2.136270389e+00,-3.447490490e-01,6.197742732e-05
0,6.650000000e-01,2.136270291e+00,-3.400680358e-01,6.671383501e-05
0,6.600000000e-01,2.136270223e+00,-3.353870229e-01,7.238199146e-05
0,6.550000000e-01,2.136270130e+00,-3.307060101e-01,1.684814283e-04
0,6.500000000e-01,2.136270029e+00,-3.260249975e-01,1.750220538e-04
0,6.450000000e-01,2.136269923e+00,-3.213439852e-01,1.466180637e-04
0,6.400000000e-01,2.136269821e+00,-3.166629731e-01,1.283005986e-04
0,6.350000000e-01,2.136269718e+00,-3.119819613e-01,1.664963718e-04
0,6.300000000e-01,2.136269604e+00,-3.073009496e-01,2.324218696e-04
0,6.250000000e-01,2.136269502e+00,-3.026199383e-01,1.247900882e-04
0,6.200000000e-01,2.136269390e+00,-2.979389271e-01,1.284835533e-04
0,6.150000000e-01,2.136269299e+00,-2.932579162e-01,1.575426929e-04
0,6.100000000e-01,2.136269158e+00,-2.885769055e-01,3.257705262e-04
0,6.050000000e-01,2.136269048e+00,-2.838958952e-01,1.449246762e-04
0,6.000000000e-01,2.136268951e+00,-2.792148850e-01,2.784095288e-04
0,5.950000000e-01,2.136268838e+00,-2.745338750e-01,3.379103791e-04
0,5.900000000e-01,2.136268704e+00,-2.698528654e-01,3.364623543e-04
0,5.850000000e-01,2.136268578e+00,-2.651718561e-01,3.253484445e-04
0,5.800000000e-01,2.136268449e+00,-2.604908470e-01,3.889422310e-04
0,5.750000000e-01,2.136268205e+00,-2.558098384e-01,1.901976497e-04
0,5.700000000e-01,2.136268159e+00,-2.511288301e-01,1.288838443e-04
0,5.650000000e-01,2.136268041e+00,-2.464478218e-01,4.007188911e-04
0,5.600000000e-01,2.136267864e+00,-2.417668139e-01,4.863631928e-04
0,5.550000000e-01,2.136267757e+00,-2.370858064e-01,4.896766765e-04
0,5.500000000e-01,2.136267630e+00,-2.324047992e-01,2.860928972e-04
0,5.450000000e-01,2.136267493e+00,-2.277237922e-01,3.503191237e-04
0,5.400000000e-01,2.136267345e+00,-2.230427856e-01,4.054387291e-04
0,5.350000000e-01,2.136267186e+00,-2.183617794e-01,4.469051053e-04
0,5.300000000e-01,2.136267066e+00,-2.136807735e-01,4.867977020e-04
0,5.250000000e-01,2.136266891e+00,-2.089997680e-01,6.128425669e-04
0,5.200000000e-01,2.136266688e+00,-2.043187629e-01,5.419603135e-04
0,5.150000000e-01,2.136266548e+00,-1.996377583e-01,7.321875014e-04
0,5.100000000e-01,2.136266385e+00,-1.949567539e-01,7.852207095e-04
0,5.050000000e-01,2.136266209e+00,-1.902757499e-01,8.390568358e-04
0,5.000000000e-01,2.136266027e+00,-1.855947465e-01,8.742552119e-04
0,4.950000000e-01,2.136265839e+00,-1.809137435e-01,9.291014826e-04
0,4.900000000e-01,2.136265639e+00,-1.762327410e-01,9.502003863e-04
0,4.850000000e-01,2.136265425e+00,-1.715517391e-01,9.936924373e-04
0,4.800000000e-01,2.136265198e+00,-1.668707377e-01,1.078951840e-03
0,4.750000000e-01,2.136264956e+00,-1.621897371e-01,1.168341429e-03
0,4.700000000e-01,2.136264687e+00,-1.575087374e-01,1.237839836e-03
0,4.650000000e-01,2.136264362e+00,-1.528277385e-01,1.490266870e-03
0,4.600000000e-01,2.136263998e+00,-1.481467414e-01,1.564569620e-03
0,4.550000000e-01,2.136263479e+00,-1.434657451e-01,1.932164035e-03
0,4.500000000e-01,2.136262859e+00,-1.387847546e-01,2.418286866e-03
0,4.450000000e-01,2.136261925e+00,-1.341037709e-01,1.263947139e-03
1,4.400000000e-01,2.014820991e+00,-1.303617811e-01,1.685030077e-04
2,4.350000000e-01,1.997148282e+00,-1.259662325e-01,2.374602297e-03
3,4.300000000e-01,1.979461073e+00,-1.216094213e-01,1.433980869e-03
4,4.250000000e-01,1.961604695e+00,-1.172915078e-01,1.823581477e-03
5,4.200000000e-01,1.943769836e+00,-1.130127397e-01,1.404076218e-03
6,4.150000000e-01,1.925792422e+00,-1.087732864e-01,1.571327789e-03
7,4.100000000e-01,1.907686752e+00,-1.045733494e-01,7.613879263e-04
8,4.050000000e-01,1.889546389e+00,-1.004130707e-01,1.354554911e-03
9,4.000000000e-01,1.871346226e+00,-9.629262370e-02,2.677416479e-04
10,3.950000000e-01,1.853058624e+00,-9.221214907e-02,6.293707397e-04
11,3.900000000e-01,1.834716745e+00,-8.817179976e-02,7.665361841e-04
12,3.850000000e-01,1.816323615e+00,-8.417170041e-02,7.674577773e-04
13,3.800000000e-01,1.797870475e+00,-8.021197503e-02,7.359476234e-04
14,3.750000000e-01,1.779359475e+00,-7.629274382e-02,3.156371492e-04
15,3.700000000e-01,1.760809361e+00,-7.241410680e-02,8.242979800e-04
16,3.650000000e-01,1.742206930e+00,-6.857618275e-02,7.944112900e-04
17,3.600000000e-01,1.723562503e+00,-6.477907012e-02,4.169523304e-04
18,3.550000000e-01,1.704872366e+00,-6.102284753e-02,4.300514097e-04
19,3.500000000e-01,1.686158505e+00,-5.730759995e-02,1.342946654e-03
20,3.450000000e-01,1.667395611e+00,-5.363344196e-02,2.105699364e-03
21,3.400000000e-01,1.648588071e+00,-5.000044563e-02,1.513260239e-03
22,3.350000000e-01,1.629766380e+00,-4.640867554e-02,1.586179826e-03
23,3.300000000e-01,1.610894905e+00,-4.285819564e-02,1.046001476e-03
24,3.250000000e-01,1.591985663e+00,-3.934904998e-02,1.801957127e-03
25,3.200000000e-01,1.573066271e+00,-3.588141143e-02,1.331961973e-03
26,3.150000000e-01,1.554137145e+00,-3.245522781e-02,1.483087996e-03
27,3.100000000e-01,1.535144004e+00,-2.907062306e-02,2.962192819e-04
28,3.050000000e-01,1.516131976e+00,-2.572761176e-02,2.020936540e-03
29,3.000000000e-01,1.497122197e+00,-2.242627775e-02,1.895790540e-03
30,2.950000000e-01,1.478054087e+00,-1.916664725e-02,1.478462675e-03
31,2.900000000e-01,1.459008712e+00,-1.594881999e-02,1.863580605e-03
32,2.850000000e-01,1.439880120e+00,-1.277279631e-02,1.262311440e-03
33,2.800000000e-01,1.420769441e+00,-9.638654660e-03,3.710713165e-04
34,2.750000000e-01,1.401616723e+00,-6.546399954e-03,6.549741829e-04
35,2.700000000e-01,1.382477864e+00,-3.496125203e-03,2.307821149e-04
36,2.650000000e-01,1.363318595e+00,-4.878142741e-04,1.583668875e-03
37,2.600000000e-01,1.344122281e+00,2.478430513e-03,9.449845707e-04
38,2.550000000e-01,1.324880161e+00,5.402613923e-03,2.022845761e-03
39,2.500000000e-01,1.305665404e+00,8.284686649e-03,1.811671667e-03
40,2.450000000e-01,1.286441112e+00,1.112461391e-02,2.074962359e-03
41,2.400000000e-01,1.267142050e+00,1.392233497e-02,1.560073317e-03
42,2.350000000e-01,1.247875695e+00,1.667786237e-02,2.086510853e-03
43,2.300000000e-01,1.228607455e+00,1.939110711e-02,1.800788295e-03
44,2.250000000e-01,1.209298951e+00,2.206207782e-02,1.932576742e-03
45,2.200000000e-01,1.189957078e+00,2.469075549e-02,2.206500028e-03
46,2.150000000e-01,1.170645052e+00,2.727701713e-02,1.610641541e-03
47,2.100000000e-01,1.151288120e+00,2.982091907e-02,6.562105089e-04
48,2.050000000e-01,1.131919609e+00,3.232243235e-02,1.494911029e-03
49,2.000000000e-01,1.112536469e+00,3.478140811e-02,1.580184679e-03
50,1.950000000e-01,1.093134144e+00,3.719790724e-02,1.917844745e-03
51,1.900000000e-01,1.073703977e+00,3.957183937e-02,2.078497467e-03
52,1.850000000e-01,1.054279590e+00,4.190319819e-02,1.305915434e-03
53,1.800000000e-01,1.034780834e+00,4.419186429e-02,1.750477910e-03
54,1.750000000e-01,1.015299607e+00,4.643784948e-02,1.405307521e-03
55,1.700000000e-01,9.957115357e-01,4.864088857e-02,1.866292688e-03
56,1.650000000e-01,9.760398456e-01,5.080097995e-02,1.488533900e-03
57,1.600000000e-01,9.563385717e-01,5.291793384e-02,2.024582292e-03
58,1.550000000e-01,9.365266129e-01,5.499148449e-02,1.824217380e-03
59,1.500000000e-01,9.163640343e-01,5.702102068e-02,1.768128918e-03
60,1.450000000e-01,8.957700743e-01,5.900596505e-02,1.706823185e-03
61,1.400000000e-01,8.748240905e-01,6.094536785e-02,2.272049488e-03
62,1.350000000e-01,8.527897380e-01,6.283729088e-02,1.100249344e-03
63,1.300000000e-01,8.281426227e-01,6.467785038e-02,2.140313677e-03
64,1.250000000e-01,8.002016406e-01,6.646056927e-02,2.038673811e-03
65,1.200000000e-01,7.712399503e-01,6.818103483e-02,1.030411856e-03
66,1.150000000e-01,7.407552299e-01,6.983644620e-02,1.997756779e-03
67,1.100000000e-01,7.084061825e-01,7.142340721e-02,2.176358233e-03
68,1.050000000e-01,6.739598929e-01,7.293642454e-02,2.308882306e-03
69,1.000000000e-01,6.380997411e-01,7.437089471e-02,5.767484661e-04
70,9.500000000e-02,6.052109323e-01,7.573182800e-02,1.389967372e-03
71,9.000000000e-02,5.714417912e-01,7.701906940e-02,1.284153069e-03
72,8.500000000e-02,5.383682995e-01,7.823389635e-02,1.278829883e-03
73,8.000000000e-02,5.067373404e-01,7.937803612e-02,1.631929766e-03
74,7.500000000e-02,4.759330194e-01,8.045355406e-02,1.812766686e-03
75,7.000000000e-02,4.441552471e-01,8.146037544e-02,5.815379552e-04
76,6.500000000e-02,4.109415809e-01,8.239644048e-02,1.132324623e-03
77,6.000000000e-02,3.770636865e-01,8.325873670e-02,1.288988401e-03
78,5.500000000e-02,3.439140533e-01,8.404733137e-02,5.740185586e-04
79,5.000000000e-02,3.111259457e-01,8.476388883e-02,4.948569806e-04
80,4.500000000e-02,2.774262048e-01,8.540776771e-02,1.403622740e-03
81,4.000000000e-02,2.446889512e-01,8.597850169e-02,9.925274949e-04
82,3.500000000e-02,2.137345778e-01,8.647939094e-02,1.360591458e-03
83,3.000000000e-02,1.841699413e-01,8.691430336e-02,5.056709582e-04
84,2.500000000e-02,1.546805676e-01,8.728449781e-02,1.558528686e-03
85,2.000000000e-02,1.239806629e-01,8.758750371e-02,1.946318062e-03
86,1.500000000e-02,9.568262298e-02,8.782534417e-02,6.319347818e-04
87,1.000000000e-02,6.932579186e-02,8.800584441e-02,1.286063103e-03
88,5.000000000e-03,4.296892385e-02,8.812835215e-02,1.622624056e-03
89,0.000000000e+00,1.435380599e-02,8.819000057e-02,2.163254747e-03
90,-5.000000000e-03,-1.993369645e-02,8.818278794e-02,1.424150220e-03
91,-1.000000000e-02,-5.985572989e-02,8.809157434e-02,2.272200382e-03
92,-1.500000000e-02,-9.228641951e-02,8.792206525e-02,6.615584722e-04
93,-2.000000000e-02,-1.208960379e-01,8.768732740e-02,2.334511600e-03
94,-2.500000000e-02,-1.483455680e-01,8.739174353e-02,9.788859941e-04
95,-3.000000000e-02,-1.759080821e-01,8.703602479e-02,2.304180238e-03
96,-3.500000000e-02,-2.092347720e-01,8.661411296e-02,1.481089012e-03
97,-4.000000000e-02,-2.415541155e-01,8.611188717e-02,6.424604076e-04
98,-4.500000000e-02,-2.701475046e-01,8.555095767e-02,6.754172395e-04
99,-5.000000000e-02,-3.005187716e-01,8.492524759e-02,2.129426285e-03
100,-5.500000000e-02,-3.352552050e-01,8.416680355e-02,6.040740919e-04
101,-6.000000000e-02,-3.652280581e-01,8.339931883e-02,1.895410027e-03
102,-6.500000000e-02,-3.981898765e-01,8.256293568e-02,6.419010276e-04
103,-7.000000000e-02,-4.352908989e-01,8.164693810e-02,5.422198973e-04
104,-7.500000000e-02,-4.706092785e-01,8.065340128e-02,1.504119496e-03
105,-8.000000000e-02,-5.041083862e-01,7.952033862e-02,1.555174657e-03
106,-8.500000000e-02,-5.379396742e-01,7.837894012e-02,2.273685876e-03
107,-9.000000000e-02,-5.790302823e-01,7.715096374e-02,1.899891746e-03
108,-9.500000000e-02,-6.125694345e-01,7.584348218e-02,1.140799910e-03
109,-1.000000000e-01,-6.434978273e-01,7.446540703e-02,1.583252916e-03
110,-1.050000000e-01,-6.727432914e-01,7.302212422e-02,2.180758681e-03
111,-1.100000000e-01,-7.028298946e-01,7.151419094e-02,2.301357275e-03
112,-1.150000000e-01,-7.391464827e-01,6.993464341e-02,2.281250394e-03
113,-1.200000000e-01,-7.698040120e-01,6.821313089e-02,2.141970079e-03
114,-1.250000000e-01,-7.984647551e-01,6.649329418e-02,2.164220960e-03
115,-1.300000000e-01,-8.261084066e-01,6.471114795e-02,1.425102212e-03
116,-1.350000000e-01,-8.510861306e-01,6.287129054e-02,1.868844871e-03
117,-1.400000000e-01,-8.740526935e-01,6.097945930e-02,1.455826629e-03
118,-1.450000000e-01,-8.952798226e-01,5.904016182e-02,2.098895280e-03
119,-1.500000000e-01,-9.158660238e-01,5.705516626e-02,1.794284018e-03
120,-1.550000000e-01,-9.362000935e-01,5.502544316e-02,1.799371056e-03
121,-1.600000000e-01,-9.561199699e-01,5.295188349e-02,1.725117622e-03
122,-1.650000000e-01,-9.759589859e-01,5.083476757e-02,2.114840679e-03
123,-1.700000000e-01,-9.955379833e-01,4.867468634e-02,2.121917994e-03
124,-1.750000000e-01,-1.015234314e+00,4.647124140e-02,2.212522688e-03
125,-1.800000000e-01,-1.034770910e+00,4.422513769e-02,1.771325724e-03
126,-1.850000000e-01,-1.054276479e+00,4.193627940e-02,1.488342033e-03
127,-1.900000000e-01,-1.073742175e+00,3.960475726e-02,2.120137826e-03
128,-1.950000000e-01,-1.093180328e+00,3.723060727e-02,1.680083023e-03
129,-2.000000000e-01,-1.112592701e+00,3.481393499e-02,8.550866553e-04
130,-2.050000000e-01,-1.131973721e+00,3.235472760e-02,1.902372535e-03
131,-2.100000000e-01,-1.151364126e+00,2.985301816e-02,1.146459204e-03
132,-2.150000000e-01,-1.170719092e+00,2.730890810e-02,2.143441585e-03
133,-2.200000000e-01,-1.190055936e+00,2.472239490e-02,2.193217598e-03
134,-2.250000000e-01,-1.209400769e+00,2.209351887e-02,1.334700677e-03
135,-2.300000000e-01,-1.228706105e+00,1.942232258e-02,2.163481365e-03
136,-2.350000000e-01,-1.247999377e+00,1.670880946e-02,1.192393384e-03
137,-2.400000000e-01,-1.267282618e+00,1.395304810e-02,1.627362692e-03
138,-2.450000000e-01,-1.286520642e+00,1.115506704e-02,1.076170824e-03
139,-2.500000000e-01,-1.305800816e+00,8.314886847e-03,1.163605088e-03
140,-2.550000000e-01,-1.325014556e+00,5.432546138e-03,1.001190908e-03
141,-2.600000000e-01,-1.344249844e+00,2.508118439e-03,1.838410291e-03
142,-2.650000000e-01,-1.363437820e+00,-4.584418543e-04,1.642902837e-03
143,-2.700000000e-01,-1.382634612e+00,-3.467002197e-03,1.817752729e-03
144,-2.750000000e-01,-1.401773171e+00,-6.517594748e-03,5.731727068e-04
145,-2.800000000e-01,-1.420902869e+00,-9.610140800e-03,1.236591090e-03
146,-2.850000000e-01,-1.440039809e+00,-1.274459915e-02,1.519516011e-03
147,-2.900000000e-01,-1.459129108e+00,-1.592092494e-02,1.449691643e-03
148,-2.950000000e-01,-1.478176037e+00,-1.913910028e-02,1.823856099e-03
149,-3.000000000e-01,-1.497267002e+00,-2.239904792e-02,3.860902034e-04
150,-3.050000000e-01,-1.516299557e+00,-2.570070820e-02,7.989424750e-04
151,-3.100000000e-01,-1.535312241e+00,-2.904406208e-02,1.982878510e-03
152,-3.150000000e-01,-1.554286108e+00,-3.242904042e-02,6.283487769e-04
153,-3.200000000e-01,-1.573241890e+00,-3.585558269e-02,4.853485568e-04
154,-3.250000000e-01,-1.592168496e+00,-3.932361727e-02,1.177105010e-03
155,-3.300000000e-01,-1.611073087e+00,-4.283311589e-02,8.689714481e-04
156,-3.350000000e-01,-1.629943857e+00,-4.638398003e-02,7.560555311e-04
157,-3.400000000e-01,-1.648760463e+00,-4.997617027e-02,1.365564527e-03
158,-3.450000000e-01,-1.667577121e+00,-5.360958773e-02,6.493086981e-04
159,-3.500000000e-01,-1.686343377e+00,-5.728416769e-02,1.511232215e-03
160,-3.550000000e-01,-1.705079325e+00,-6.099984542e-02,8.254087950e-04
161,-3.600000000e-01,-1.723775078e+00,-6.475651650e-02,8.597483267e-04
162,-3.650000000e-01,-1.742418051e+00,-6.855409472e-02,1.397563162e-03
163,-3.700000000e-01,-1.761035199e+00,-7.239249723e-02,2.076438515e-03
164,-3.750000000e-01,-1.779589102e+00,-7.627161285e-02,1.815800111e-03
165,-3.800000000e-01,-1.798113231e+00,-8.019136121e-02,1.461111489e-03
166,-3.850000000e-01,-1.816564171e+00,-8.415161332e-02,1.471444618e-03
167,-3.900000000e-01,-1.834968016e+00,-8.815225713e-02,1.856547884e-04
168,-3.950000000e-01,-1.853307895e+00,-9.219315423e-02,1.516489231e-03
169,-4.000000000e-01,-1.871607627e+00,-9.627422701e-02,8.869026239e-04
170,-4.050000000e-01,-1.889829159e+00,-1.003952710e-01,2.049836309e-03
171,-4.100000000e-01,-1.907986303e+00,-1.045561746e-01,1.889699994e-03
172,-4.150000000e-01,-1.926067893e+00,-1.087567744e-01,1.719174647e-03
173,-4.200000000e-01,-1.944064186e+00,-1.129969446e-01,3.196639645e-04
174,-4.250000000e-01,-1.961923747e+00,-1.172764349e-01,7.476192059e-04
175,-4.300000000e-01,-1.979782023e+00,-1.215950955e-01,1.308502952e-03
176,-4.350000000e-01,-1.997464679e+00,-1.259527426e-01,6.636398112e-04
177,-4.400000000e-01,-2.015060703e+00,-1.303491234e-01,1.423746112e-03
178,-4.450000000e-01,-2.032681430e+00,-1.347840509e-01,2.442994916e-03
179,-4.500000000e-01,-2.049960794e+00,-1.392572609e-01,5.229126482e-04
180,-4.550000000e-01,-2.067180248e+00,-1.437685028e-01,2.284814254e-03
181,-4.600000000e-01,-2.084058494e+00,-1.483174988e-01,1.852621071e-03
182,-4.650000000e-01,-2.101503108e+00,-1.529040519e-01,1.338897784e-03
183,-4.700000000e-01,-2.118054560e+00,-1.575278416e-01,1.343782453e-03
184,-4.750000000e-01,-2.134326357e+00,-1.621890489e-01,2.492257769e-03
184,-4.800000000e-01,-2.136264720e+00,-1.668707078e-01,1.785273897e-03
184,-4.850000000e-01,-2.136264710e+00,-1.715517402e-01,1.322442619e-03
184,-4.900000000e-01,-2.136264874e+00,-1.762327422e-01,2.265872243e-03
184,-4.950000000e-01,-2.136265010e+00,-1.809137438e-01,1.294979289e-03
184,-5.000000000e-01,-2.136265190e+00,-1.855947456e-01,2.291279599e-03
184,-5.050000000e-01,-2.136265526e+00,-1.902757491e-01,2.191595673e-03
184,-5.100000000e-01,-2.136265684e+00,-1.949567528e-01,6.232916550e-04
184,-5.150000000e-01,-2.136265859e+00,-1.996377561e-01,1.333958674e-03
184,-5.200000000e-01,-2.136266122e+00,-2.043187603e-01,1.279433136e-03
184,-5.250000000e-01,-2.136266418e+00,-2.089997656e-01,1.168601034e-03
184,-5.300000000e-01,-2.136266568e+00,-2.136807708e-01,8.539247049e-04
184,-5.350000000e-01,-2.136266736e+00,-2.183617765e-01,6.783209885e-04
184,-5.400000000e-01,-2.136266967e+00,-2.230427827e-01,9.425141904e-04
184,-5.450000000e-01,-2.136267164e+00,-2.277237893e-01,9.361643349e-04
184,-5.500000000e-01,-2.136267344e+00,-2.324047967e-01,7.371315535e-04
184,-5.550000000e-01,-2.136267535e+00,-2.370858042e-01,5.592037605e-04
184,-5.600000000e-01,-2.136267688e+00,-2.417668120e-01,4.098503841e-04
184,-5.650000000e-01,-2.136267866e+00,-2.464478200e-01,5.174090355e-04
184,-5.700000000e-01,-2.136268063e+00,-2.511288284e-01,3.014056111e-04
184,-5.750000000e-01,-2.136268181e+00,-2.558098371e-01,3.957933586e-04
184,-5.800000000e-01,-2.136268319e+00,-2.604908458e-01,4.885483869e-04
184,-5.850000000e-01,-2.136268455e+00,-2.651718548e-01,4.897509739e-04
184,-5.900000000e-01,-2.136268583e+00,-2.698528643e-01,4.177282250e-04
184,-5.950000000e-01,-2.136268707e+00,-2.745338740e-01,3.229722403e-04
184,-6.000000000e-01,-2.136268829e+00,-2.792148840e-01,2.297804425e-04
184,-6.050000000e-01,-2.136268983e+00,-2.838958941e-01,3.917184956e-04
184,-6.100000000e-01,-2.136269081e+00,-2.885769046e-01,2.003198332e-04
184,-6.150000000e-01,-2.136269217e+00,-2.932579153e-01,3.365093539e-04
184,-6.200000000e-01,-2.136269312e+00,-2.979389262e-01,1.595765983e-04
184,-6.250000000e-01,-2.136269443e+00,-3.026199374e-01,2.321325894e-04
184,-6.300000000e-01,-2.136269559e+00,-3.073009488e-01,1.191120782e-04
184,-6.350000000e-01,-2.136269666e+00,-3.119819604e-01,1.009833667e-04
184,-6.400000000e-01,-2.136269779e+00,-3.166629723e-01,2.220663971e-04
184,-6.450000000e-01,-2.136269881e+00,-3.213439844e-01,1.550908795e-04
184,-6.500000000e-01,-2.136269981e+00,-3.260249967e-01,1.132980964e-04
184,-6.550000000e-01,-2.136270081e+00,-3.307060093e-01,1.115851124e-04
184,-6.600000000e-01,-2.136270180e+00,-3.353870220e-01,1.081119839e-04
184,-6.650000000e-01,-2.136270278e+00,-3.400680350e-01,9.947267602e-05
184,-6.700000000e-01,-2.136270383e+00,-3.447490481e-01,1.970749956e-04
184,-6.750000000e-01,-2.136270487e+00,-3.494300616e-01,1.034250028e-04
184,-6.800000000e-01,-2.136270568e+00,-3.541110751e-01,1.366639105e-04
184,-6.850000000e-01,-2.136270686e+00,-3.587920889e-01,1.691320215e-04
184,-6.900000000e-01,-2.136270748e+00,-3.634731029e-01,7.893558585e-05
184,-6.950000000e-01,-2.136270864e+00,-3.681541171e-01,1.707314137e-04
184,-7.000000000e-01,-2.136270923e+00,-3.728351315e-01,5.902879539e-05
184,-7.050000000e-01,-2.136271009e+00,-3.775161460e-01,8.171474829e-05
184,-7.100000000e-01,-2.136271095e+00,-3.821971608e-01,8.222931110e-05
184,-7.150000000e-01,-2.136271176e+00,-3.868781757e-01,7.167894326e-05
184,-7.200000000e-01,-2.136271257e+00,-3.915591908e-01,6.250336203e-05
184,-7.250000000e-01,-2.136271337e+00,-3.962402061e-01,5.156184047e-05
184,-7.300000000e-01,-2.136271426e+00,-4.009212215e-01,1.195681696e-04
184,-7.350000000e-01,-2.136271498e+00,-4.056022372e-01,7.142036807e-05
184,-7.400000000e-01,-2.136271571e+00,-4.102832530e-01,4.911471770e-05
184,-7.450000000e-01,-2.136271658e+00,-4.149642689e-01,9.489271549e-05
184,-7.500000000e-01,-2.136271723e+00,-4.196452851e-01,4.670631580e-05
184,-7.550000000e-01,-2.136271808e+00,-4.243263014e-01,8.245261515e-05
184,-7.600000000e-01,-2.136271868e+00,-4.290073178e-01,3.930696323e-05
184,-7.650000000e-01,-2.136271950e+00,-4.336883344e-01,7.223816601e-05
184,-7.700000000e-01,-2.136272023e+00,-4.383693512e-01,8.192971993e-05
184,-7.750000000e-01,-2.136272092e+00,-4.430503681e-01,6.784581698e-05
184,-7.800000000e-01,-2.136272160e+00,-4.477313852e-01,7.867867830e-05
184,-7.850000000e-01,-2.136272227e+00,-4.524124024e-01,7.048559202e-05
184,-7.900000000e-01,-2.136272294e+00,-4.570934197e-01,7.085299148e-05
184,-7.950000000e-01,-2.136272359e+00,-4.617744373e-01,6.187034118e-05
184,-8.000000000e-01,-2.136272424e+00,-4.664554549e-01,5.256758375e-05
184,-8.050000000e-01,-2.136272488e+00,-4.711364727e-01,3.873072696e-05
184,-8.100000000e-01,-2.136272551e+00,-4.758174907e-01,2.781634665e-05
184,-8.150000000e-01,-2.136272618e+00,-4.804985087e-01,1.899677822e-05
184,-8.200000000e-01,-2.136272676e+00,-4.851795269e-01,1.656424327e-05
184,-8.250000000e-01,-2.136272736e+00,-4.898605453e-01,1.710872922e-05
184,-8.300000000e-01,-2.136272796e+00,-4.945415637e-01,2.141881439e-05
184,-8.350000000e-01,-2.136272851e+00,-4.992225823e-01,2.227601647e-05
184,-8.400000000e-01,-2.136272912e+00,-5.039036010e-01,1.623627222e-05
184,-8.450000000e-01,-2.136272969e+00,-5.085846199e-01,1.315759901e-05
184,-8.500000000e-01,-2.136273024e+00,-5.132656389e-01,1.235073729e-05
184,-8.550000000e-01,-2.136273080e+00,-5.179466580e-01,1.402514254e-05
184,-8.600000000e-01,-2.136273134e+00,-5.226276772e-01,1.385757687e-05
184,-8.650000000e-01,-2.136273190e+00,-5.273086965e-01,1.291819304e-05
184,-8.700000000e-01,-2.136273242e+00,-5.319897160e-01,1.137788414e-05
184,-8.750000000e-01,-2.136273295e+00,-5.366707355e-01,1.317286060e-05
184,-8.800000000e-01,-2.136273346e+00,-5.413517552e-01,1.249594375e-05
184,-8.850000000e-01,-2.136273399e+00,-5.460327750e-01,1.227346429e-05
184,-8.900000000e-01,-2.136273448e+00,-5.507137949e-01,1.042593489e-05
184,-8.950000000e-01,-2.136273499e+00,-5.553948150e-01,1.073529728e-05
184,-9.000000000e-01,-2.136273549e+00,-5.600758351e-01,1.034184740e-05
184,-9.050000000e-01,-2.136273598e+00,-5.647568553e-01,1.007436516e-05
184,-9.100000000e-01,-2.136273647e+00,-5.694378757e-01,1.002989640e-05
184,-9.150000000e-01,-2.136273694e+00,-5.741188961e-01,9.231647424e-06
184,-9.200000000e-01,-2.136273741e+00,-5.787999167e-01,9.468392571e-06
184,-9.250000000e-01,-2.136273787e+00,-5.834809374e-01,9.476250781e-06
184,-9.300000000e-01,-2.136273834e+00,-5.881619581e-01,1.022431216e-05
184,-9.350000000e-01,-2.136273879e+00,-5.928429790e-01,9.912576469e-06
184,-9.400000000e-01,-2.136273924e+00,-5.975240000e-01,9.929137427e-06
184,-9.450000000e-01,-2.136273969e+00,-6.022050210e-01,9.674034346e-06
184,-9.500000000e-01,-2.136274012e+00,-6.068860422e-01,9.378880743e-06
184,-9.550000000e-01,-2.136274056e+00,-6.115670634e-01,9.255081455e-06
184,-9.600000000e-01,-2.136274099e+00,-6.162480848e-01,9.354566344e-06
184,-9.650000000e-01,-2.136274141e+00,-6.209291062e-01,9.349394296e-06
184,-9.700000000e-01,-2.136274183e+00,-6.256101278e-01,9.390564499e-06
184,-9.750000000e-01,-2.136274229e+00,-6.302911494e-01,4.246074375e-05
184,-9.800000000e-01,-2.136274268e+00,-6.349721711e-01,9.721702987e-06
184,-9.850000000e-01,-2.136274311e+00,-6.396531929e-01,4.158702430e-05
184,-9.900000000e-01,-2.136274349e+00,-6.443342148e-01,9.308811047e-06
184,-9.950000000e-01,-2.136274390e+00,-6.490152368e-01,4.327182128e-05
184,-1.000000000e+00,-2.136274428e+00,-6.536962589e-01,9.477281346e-06
184,-9.950000000e-01,-2.136274391e+00,-6.490152368e-01,7.655452921e-06
184,-9.900000000e-01,-2.136274352e+00,-6.443342148e-01,9.479187480e-06
184,-9.850000000e-01,-2.136274311e+00,-6.396531929e-01,9.047910989e-06
184,-9.800000000e-01,-2.136274271e+00,-6.349721711e-01,9.445412605e-06
184,-9.750000000e-01,-2.136274229e+00,-6.302911494e-01,9.342418290e-06
184,-9.700000000e-01,-2.136274189e+00,-6.256101278e-01,1.002355953e-05
184,-9.650000000e-01,-2.136274146e+00,-6.209291062e-01,9.579707065e-06
184,-9.600000000e-01,-2.136274104e+00,-6.162480848e-01,1.089592334e-05
184,-9.550000000e-01,-2.136274061e+00,-6.115670634e-01,9.826710085e-06
184,-9.500000000e-01,-2.136274018e+00,-6.068860422e-01,1.208470183e-05
184,-9.450000000e-01,-2.136273974e+00,-6.022050210e-01,1.047225916e-05
184,-9.400000000e-01,-2.136273929e+00,-5.975240000e-01,1.413491012e-05
184,-9.350000000e-01,-2.136273884e+00,-5.928429790e-01,1.193212806e-05
184,-9.300000000e-01,-2.136273839e+00,-5.881619581e-01,1.128275426e-05
184,-9.250000000e-01,-2.136273792e+00,-5.834809374e-01,1.649755543e-05
184,-9.200000000e-01,-2.136273745e+00,-5.787999167e-01,1.351453630e-05
184,-9.150000000e-01,-2.136273698e+00,-5.741188961e-01,1.305329433e-05
184,-9.100000000e-01,-2.136273650e+00,-5.694378757e-01,1.269802414e-05
184,-9.050000000e-01,-2.136273602e+00,-5.647568553e-01,1.304842615e-05
184,-9.000000000e-01,-2.136273553e+00,-5.600758351e-01,1.319638025e-05
184,-8.950000000e-01,-2.136273503e+00,-5.553948150e-01,1.329935825e-05
184,-8.900000000e-01,-2.136273453e+00,-5.507137949e-01,1.364572327e-05
184,-8.850000000e-01,-2.136273402e+00,-5.460327750e-01,1.428288384e-05
184,-8.800000000e-01,-2.136273350e+00,-5.413517552e-01,1.467586551e-05
184,-8.750000000e-01,-2.136273298e+00,-5.366707355e-01,1.615913756e-05
184,-8.700000000e-01,-2.136273245e+00,-5.319897160e-01,1.667391892e-05
184,-8.650000000e-01,-2.136273192e+00,-5.273086965e-01,1.841682414e-05
184,-8.600000000e-01,-2.136273139e+00,-5.226276772e-01,2.327398815e-05
184,-8.550000000e-01,-2.136273084e+00,-5.179466579e-01,3.086943726e-05
184,-8.500000000e-01,-2.136273023e+00,-5.132656388e-01,4.273909853e-05
184,-8.450000000e-01,-2.136272971e+00,-5.085846199e-01,1.910358449e-05
184,-8.400000000e-01,-2.136272915e+00,-5.039036010e-01,2.990387355e-05
184,-8.350000000e-01,-2.136272852e+00,-4.992225823e-01,4.393841397e-05
184,-8.300000000e-01,-2.136272798e+00,-4.945415637e-01,2.127576748e-05
184,-8.250000000e-01,-2.136272733e+00,-4.898605452e-01,4.512094517e-05
184,-8.200000000e-01,-2.136272678e+00,-4.851795269e-01,2.256850066e-05
184,-8.150000000e-01,-2.136272611e+00,-4.804985087e-01,4.618691822e-05
184,-8.100000000e-01,-2.136272556e+00,-4.758174906e-01,2.530192843e-05
184,-8.050000000e-01,-2.136272486e+00,-4.711364727e-01,4.748266126e-05
184,-8.000000000e-01,-2.136272431e+00,-4.664554549e-01,3.220163867e-05
184,-7.950000000e-01,-2.136272358e+00,-4.617744372e-01,7.367307443e-05
184,-7.900000000e-01,-2.136272293e+00,-4.570934198e-01,5.011866617e-05
184,-7.850000000e-01,-2.136272227e+00,-4.524124024e-01,4.370932189e-05
184,-7.800000000e-01,-2.136272159e+00,-4.477313852e-01,4.211016442e-05
184,-7.750000000e-01,-2.136272092e+00,-4.430503681e-01,5.827294370e-05
184,-7.700000000e-01,-2.136272022e+00,-4.383693512e-01,7.584438564e-05
184,-7.650000000e-01,-2.136271952e+00,-4.336883344e-01,8.591094828e-05
184,-7.600000000e-01,-2.136271892e+00,-4.290073178e-01,4.444236310e-05
184,-7.550000000e-01,-2.136271810e+00,-4.243263014e-01,7.756229181e-05
184,-7.500000000e-01,-2.136271734e+00,-4.196452851e-01,4.216866969e-05
184,-7.450000000e-01,-2.136271671e+00,-4.149642689e-01,5.649085057e-05
184,-7.400000000e-01,-2.136271584e+00,-4.102832530e-01,4.582069161e-05
184,-7.350000000e-01,-2.136271518e+00,-4.056022372e-01,6.315418170e-05
184,-7.300000000e-01,-2.136271444e+00,-4.009212216e-01,5.294017529e-05
184,-7.250000000e-01,-2.136271356e+00,-3.962402061e-01,1.246650614e-04
184,-7.200000000e-01,-2.136271282e+00,-3.915591908e-01,8.046951917e-05
184,-7.150000000e-01,-2.136271202e+00,-3.868781757e-01,7.745724626e-05
184,-7.100000000e-01,-2.136271120e+00,-3.821971608e-01,7.583029528e-05
184,-7.050000000e-01,-2.136271037e+00,-3.775161460e-01,7.501936811e-05
184,-7.000000000e-01,-2.136270951e+00,-3.728351315e-01,8.550778725e-05
184,-6.950000000e-01,-2.136270864e+00,-3.681541171e-01,1.032446913e-04
184,-6.900000000e-01,-2.136270783e+00,-3.634731029e-01,1.185993644e-04
184,-6.850000000e-01,-2.136270665e+00,-3.587920889e-01,1.736523551e-04
184,-6.800000000e-01,-2.136270609e+00,-3.541110751e-01,8.278739198e-05
184,-6.750000000e-01,-2.136270485e+00,-3.494300615e-01,6.589424823e-05
184,-6.700000000e-01,-2.136270389e+00,-3.447490482e-01,6.097635817e-05
184,-6.650000000e-01,-2.136270291e+00,-3.400680350e-01,6.527533481e-05
184,-6.600000000e-01,-2.136270224e+00,-3.353870220e-01,6.993225410e-05
184,-6.550000000e-01,-2.136270129e+00,-3.307060093e-01,1.607954406e-04
184,-6.500000000e-01,-2.136270029e+00,-3.260249967e-01,1.529541748e-04
184,-6.450000000e-01,-2.136269925e+00,-3.213439844e-01,1.371135041e-04
184,-6.400000000e-01,-2.136269824e+00,-3.166629723e-01,1.407798393e-04
184,-6.350000000e-01,-2.136269719e+00,-3.119819604e-01,1.945989165e-04
184,-6.300000000e-01,-2.136269613e+00,-3.073009488e-01,1.088903652e-04
184,-6.250000000e-01,-2.136269504e+00,-3.026199374e-01,1.083295897e-04
184,-6.200000000e-01,-2.136269392e+00,-2.979389263e-01,1.273885011e-04
184,-6.150000000e-01,-2.136269300e+00,-2.932579154e-01,1.691803273e-04
184,-6.100000000e-01,-2.136269159e+00,-2.885769047e-01,3.771652124e-04
184,-6.050000000e-01,-2.136269007e+00,-2.838958943e-01,3.451460987e-04
184,-6.000000000e-01,-2.136268927e+00,-2.792148842e-01,2.292801731e-04
184,-5.950000000e-01,-2.136268823e+00,-2.745338743e-01,2.157202886e-04
184,-5.900000000e-01,-2.136268711e+00,-2.698528647e-01,2.392040874e-04
184,-5.850000000e-01,-2.136268587e+00,-2.651718553e-01,2.925691052e-04
184,-5.800000000e-01,-2.136268448e+00,-2.604908462e-01,3.561392012e-04
184,-5.750000000e-01,-2.136268210e+00,-2.558098375e-01,1.726940291e-04
184,-5.700000000e-01,-2.136268163e+00,-2.511288292e-01,1.172429492e-04
184,-5.650000000e-01,-2.136268030e+00,-2.464478209e-01,1.441194575e-04
184,-5.600000000e-01,-2.136267883e+00,-2.417668131e-01,1.736599098e-04
184,-5.550000000e-01,-2.136267780e+00,-2.370858055e-01,2.161071487e-04
184,-5.500000000e-01,-2.136267601e+00,-2.324047982e-01,2.233624566e-04
184,-5.450000000e-01,-2.136267481e+00,-2.277237914e-01,2.603325856e-04
184,-5.400000000e-01,-2.136267341e+00,-2.230427848e-01,2.823972532e-04
184,-5.350000000e-01,-2.136267195e+00,-2.183617785e-01,3.270677023e-04
184,-5.300000000e-01,-2.136267036e+00,-2.136807726e-01,3.961679899e-04
184,-5.250000000e-01,-2.136266870e+00,-2.089997671e-01,4.624215296e-04
184,-5.200000000e-01,-2.136266749e+00,-2.043187619e-01,5.207386730e-04
184,-5.150000000e-01,-2.136266604e+00,-1.996377570e-01,6.433243247e-04
184,-5.100000000e-01,-2.136266437e+00,-1.949567526e-01,8.100178347e-04
184,-5.050000000e-01,-2.136266261e+00,-1.902757486e-01,8.346186633e-04
184,-5.000000000e-01,-2.136266075e+00,-1.855947451e-01,8.645665938e-04
184,-4.950000000e-01,-2.136265882e+00,-1.809137420e-01,9.365694639e-04
184,-4.900000000e-01,-2.136265670e+00,-1.762327395e-01,9.540094518e-04
184,-4.850000000e-01,-2.136265453e+00,-1.715517376e-01,1.000624512e-03
184,-4.800000000e-01,-2.136265232e+00,-1.668707362e-01,1.048224778e-03
184,-4.750000000e-01,-2.136264991e+00,-1.621897354e-01,1.154275750e-03
184,-4.700000000e-01,-2.136264724e+00,-1.575087355e-01,1.171685637e-03
184,-4.650000000e-01,-2.136264424e+00,-1.528277365e-01,1.306308070e-03
184,-4.600000000e-01,-2.136264078e+00,-1.481467389e-01,1.416059195e-03
184,-4.550000000e-01,-2.136263547e+00,-1.434657418e-01,2.297731320e-03
185,-4.500000000e-01,-2.049747777e+00,-1.392677290e-01,1.079464443e-03
186,-4.450000000e-01,-2.032422484e+00,-1.347954852e-01,1.923565807e-03
187,-4.400000000e-01,-2.014779246e+00,-1.303614766e-01,9.567969213e-04
188,-4.350000000e-01,-1.997175154e+00,-1.259658990e-01,1.617139281e-03
189,-4.300000000e-01,-1.979469522e+00,-1.216090680e-01,2.858895518e-04
190,-4.250000000e-01,-1.961655024e+00,-1.172911331e-01,7.094444510e-04
191,-4.200000000e-01,-1.943754052e+00,-1.130123272e-01,5.866065224e-04
192,-4.150000000e-01,-1.925770647e+00,-1.087728437e-01,2.077467710e-03
193,-4.100000000e-01,-1.907682358e+00,-1.045728680e-01,7.372920895e-04
194,-4.050000000e-01,-1.889556563e+00,-1.004125709e-01,7.095297004e-04
195,-4.000000000e-01,-1.871340737e+00,-9.629210027e-02,1.861420011e-04
196,-3.950000000e-01,-1.853069372e+00,-9.221160405e-02,1.336714572e-03
197,-3.900000000e-01,-1.834725542e+00,-8.817122327e-02,2.301161890e-03
198,-3.850000000e-01,-1.816326984e+00,-8.417111296e-02,8.360768629e-04
199,-3.800000000e-01,-1.797874367e+00,-8.021136263e-02,1.683305839e-03
200,-3.750000000e-01,-1.779372427e+00,-7.629212223e-02,8.111535083e-04
201,-3.700000000e-01,-1.760816246e+00,-7.241348268e-02,7.095757703e-04
202,-3.650000000e-01,-1.742211916e+00,-6.857554597e-02,8.397396218e-04
203,-3.600000000e-01,-1.723563256e+00,-6.477841905e-02,7.816686477e-04
204,-3.550000000e-01,-1.704872821e+00,-6.102220545e-02,1.846214254e-03
205,-3.500000000e-01,-1.686153621e+00,-5.730698116e-02,1.906058760e-03
206,-3.450000000e-01,-1.667386763e+00,-5.363283161e-02,1.815081633e-03
207,-3.400000000e-01,-1.648586256e+00,-4.999983406e-02,5.618321543e-04
208,-3.350000000e-01,-1.629745497e+00,-4.640807562e-02,1.850705013e-03
209,-3.300000000e-01,-1.610899311e+00,-4.285761629e-02,8.740526712e-04
210,-3.250000000e-01,-1.591979546e+00,-3.934853266e-02,2.126155361e-03
211,-3.200000000e-01,-1.573059909e+00,-3.588090284e-02,9.710411979e-04
212,-3.150000000e-01,-1.554117352e+00,-3.245476470e-02,1.542194365e-03
213,-3.100000000e-01,-1.535105415e+00,-2.907019009e-02,1.878912253e-03
214,-3.050000000e-01,-1.516086290e+00,-2.572724838e-02,2.185240517e-03
215,-3.000000000e-01,-1.497059587e+00,-2.242597889e-02,1.783944380e-03
216,-2.950000000e-01,-1.478041221e+00,-1.916643433e-02,1.471223255e-03
217,-2.900000000e-01,-1.458947469e+00,-1.594868408e-02,3.499666188e-04
218,-2.850000000e-01,-1.439841237e+00,-1.277275515e-02,4.297672388e-04
219,-2.800000000e-01,-1.420742382e+00,-9.638680456e-03,1.199345425e-03
220,-2.750000000e-01,-1.401575336e+00,-6.546575355e-03,4.123098188e-04
221,-2.700000000e-01,-1.382427573e+00,-3.496408278e-03,2.102483439e-03
222,-2.650000000e-01,-1.363250323e+00,-4.882501393e-04,1.692180154e-03
223,-2.600000000e-01,-1.344040189e+00,2.477853118e-03,1.411216017e-03
224,-2.550000000e-01,-1.324821605e+00,5.401862977e-03,1.270042825e-03
225,-2.500000000e-01,-1.305585604e+00,8.283739004e-03,3.146375475e-04
226,-2.450000000e-01,-1.286337032e+00,1.112346315e-02,1.501716144e-03
227,-2.400000000e-01,-1.267050200e+00,1.392096364e-02,1.646888978e-03
228,-2.350000000e-01,-1.247759932e+00,1.667624438e-02,1.508758113e-03
229,-2.300000000e-01,-1.228479507e+00,1.938921601e-02,3.277975244e-04
230,-2.250000000e-01,-1.209179268e+00,2.205990385e-02,1.490281636e-03
231,-2.200000000e-01,-1.189826838e+00,2.468820719e-02,6.957536579e-04
232,-2.150000000e-01,-1.170508369e+00,2.727415717e-02,1.241063331e-03
233,-2.100000000e-01,-1.151188176e+00,2.981767264e-02,2.130123327e-03
234,-2.050000000e-01,-1.131714118e+00,3.231864647e-02,1.681599030e-03
235,-2.000000000e-01,-1.112312308e+00,3.477715209e-02,9.424769593e-04
236,-1.950000000e-01,-1.092898537e+00,3.719313104e-02,1.328063797e-03
237,-1.900000000e-01,-1.073386881e+00,3.956638583e-02,2.004177042e-03
238,-1.850000000e-01,-1.053915367e+00,4.189698400e-02,5.212546718e-04
239,-1.800000000e-01,-1.034380588e+00,4.418483198e-02,2.139938631e-03
240,-1.750000000e-01,-1.014791979e+00,4.642980612e-02,2.222977821e-03
241,-1.700000000e-01,-9.951716899e-01,4.863181631e-02,1.062967464e-03
242,-1.650000000e-01,-9.753935395e-01,5.079060009e-02,1.762429907e-03
243,-1.600000000e-01,-9.555775827e-01,5.290604618e-02,1.537749088e-03
244,-1.550000000e-01,-9.355464428e-01,5.497774934e-02,2.233510641e-03
245,-1.500000000e-01,-9.153712161e-01,5.700530963e-02,2.175029762e-03
246,-1.450000000e-01,-8.948472138e-01,5.898799730e-02,2.251640750e-03
247,-1.400000000e-01,-8.735368742e-01,6.092473492e-02,2.216060784e-03
248,-1.350000000e-01,-8.518264137e-01,6.281450291e-02,1.780341509e-03
249,-1.300000000e-01,-8.292781391e-01,6.465547520e-02,2.224163557e-03
250,-1.250000000e-01,-8.049441189e-01,6.644498827e-02,2.283603045e-03
251,-1.200000000e-01,-7.782476862e-01,6.817890532e-02,1.312495410e-03
252,-1.150000000e-01,-7.466898623e-01,6.984851236e-02,2.032417962e-03
253,-1.100000000e-01,-7.032240858e-01,7.141209500e-02,5.644108529e-04
254,-1.050000000e-01,-6.731219909e-01,7.291905020e-02,1.533928593e-03
255,-1.000000000e-01,-6.433618272e-01,7.436020659e-02,1.303445239e-03
256,-9.500000000e-02,-6.119350229e-01,7.573463286e-02,2.208317723e-03
257,-9.000000000e-02,-5.774087248e-01,7.703730818e-02,7.871825678e-04
258,-8.500000000e-02,-5.349342877e-01,7.825542929e-02,2.174873271e-03
259,-8.000000000e-02,-4.946081766e-01,7.937960434e-02,1.234597469e-03
260,-7.500000000e-02,-4.612925433e-01,8.042488571e-02,1.219559237e-03
261,-7.000000000e-02,-4.314540910e-01,8.140174844e-02,2.148037445e-03
262,-6.500000000e-02,-4.023767686e-01,8.231429988e-02,2.268883314e-03
263,-6.000000000e-02,-3.724555376e-01,8.316231522e-02,2.006874801e-03
264,-5.500000000e-02,-3.371982897e-01,8.393627871e-02,1.952621467e-03
265,-5.000000000e-02,-3.061340478e-01,8.463784527e-02,2.274991039e-03
266,-4.500000000e-02,-2.790028535e-01,8.527836265e-02,6.372586725e-04
267,-4.000000000e-02,-2.526908640e-01,8.586052213e-02,2.126864507e-03
268,-3.500000000e-02,-2.271901052e-01,8.638562357e-02,1.784215564e-03
269,-3.000000000e-02,-2.004932997e-01,8.685333300e-02,1.063393686e-03
270,-2.500000000e-02,-1.727933655e-01,8.726200801e-02,2.094418904e-03
271,-2.000000000e-02,-1.388934520e-01,8.760387203e-02,6.027948716e-04
272,-1.500000000e-02,-1.014508394e-01,8.786249833e-02,1.104584577e-03
273,-1.000000000e-02,-7.076468521e-02,8.805041189e-02,2.069718660e-03
274,-5.000000000e-03,-3.750292771e-02,8.816817184e-02,1.411705038e-03
275,0.000000000e+00,-1.837657834e-03,8.820833531e-02,1.146293588e-03
276,5.000000000e-03,3.053365495e-02,8.817477264e-02,1.833450238e-03
277,1.000000000e-02,6.028903817e-02,8.807426128e-02,1.267152316e-03
278,1.500000000e-02,8.978309495e-02,8.790909804e-02,1.951766001e-03
279,2.000000000e-02,1.203032563e-01,8.767794924e-02,1.839015884e-03
280,2.500000000e-02,1.521383744e-01,8.737789520e-02,4.559326620e-04
281,3.000000000e-02,1.822915537e-01,8.701047127e-02,2.322607656e-03
282,3.500000000e-02,2.130886648e-01,8.657477155e-02,6.574203125e-04
283,4.000000000e-02,2.416717603e-01,8.607579728e-02,1.117484844e-03
284,4.500000000e-02,2.697862670e-01,8.551503792e-02,2.071634265e-03
285,5.000000000e-02,2.981858871e-01,8.489143937e-02,1.532702891e-03
286,5.500000000e-02,3.291532105e-01,8.420237251e-02,2.221263790e-03
287,6.000000000e-02,3.616912529e-01,8.344436241e-02,1.362539238e-03
288,6.500000000e-02,3.941936397e-01,8.261439822e-02,1.516778634e-03
289,7.000000000e-02,4.286091335e-01,8.171059143e-02,1.664262114e-03
290,7.500000000e-02,4.700008850e-01,8.070455292e-02,1.892001570e-03
291,8.000000000e-02,5.016358124e-01,7.963931698e-02,2.058827174e-03
292,8.500000000e-02,5.335968939e-01,7.850445118e-02,1.557395926e-03
293,9.000000000e-02,5.685449917e-01,7.729577743e-02,1.471240782e-03
294,9.500000000e-02,6.039628038e-01,7.600938065e-02,1.959434760e-03
295,1.000000000e-01,6.359724852e-01,7.464964600e-02,1.966209901e-03
296,1.050000000e-01,6.661418280e-01,7.322185317e-02,2.128534304e-03
297,1.100000000e-01,6.972127055e-01,7.172707005e-02,2.239400864e-03
298,1.150000000e-01,7.297604092e-01,7.016244667e-02,1.984018791e-03
299,1.200000000e-01,7.733650831e-01,6.821287373e-02,9.070837179e-03
300,1.250000000e-01,8.037738791e-01,6.647827555e-02,2.154151928e-03
301,1.300000000e-01,8.277394916e-01,6.468919577e-02,1.488084572e-03
302,1.350000000e-01,8.508520463e-01,6.284842451e-02,2.145148128e-03
303,1.400000000e-01,8.729506177e-01,6.095875188e-02,1.540496513e-03
304,1.450000000e-01,8.942286778e-01,5.902195692e-02,1.857601376e-03
305,1.500000000e-01,9.149819330e-01,5.703927357e-02,1.764902738e-03
306,1.550000000e-01,9.353009930e-01,5.501171007e-02,2.245689082e-03
307,1.600000000e-01,9.553631050e-01,5.293991314e-02,1.993485057e-03
308,1.650000000e-01,9.752573433e-01,5.082437064e-02,1.089656750e-03
309,1.700000000e-01,9.950788478e-01,4.866537044e-02,2.052457528e-03
310,1.750000000e-01,1.014693309e+00,4.646328456e-02,2.249585955e-03
311,1.800000000e-01,1.034333452e+00,4.421811323e-02,1.333624861e-03
312,1.850000000e-01,1.053899820e+00,4.193007787e-02,2.028415298e-03
313,1.900000000e-01,1.073420316e+00,3.959925851e-02,7.552976663e-04
314,1.950000000e-01,1.092885410e+00,3.722576740e-02,1.596976526e-03
315,2.000000000e-01,1.112334879e+00,3.480965826e-02,1.629100909e-03
316,2.050000000e-01,1.131757519e+00,3.235094301e-02,2.043032949e-03
317,2.100000000e-01,1.151174182e+00,2.984972148e-02,1.414364023e-03
318,2.150000000e-01,1.170541516e+00,2.730601261e-02,9.818157883e-04
319,2.200000000e-01,1.189894893e+00,2.471985919e-02,2.123093904e-03
320,2.250000000e-01,1.209225646e+00,2.209131795e-02,2.091062754e-03
321,2.300000000e-01,1.228575972e+00,1.942041670e-02,2.128940127e-03
322,2.350000000e-01,1.247895700e+00,1.670721180e-02,1.368820169e-03
323,2.400000000e-01,1.267194722e+00,1.395167488e-02,9.283633746e-04
324,2.450000000e-01,1.286445783e+00,1.115395189e-02,1.119797743e-03
325,2.500000000e-01,1.305698704e+00,8.313935886e-03,1.989600943e-03
326,2.550000000e-01,1.324953674e+00,5.431790954e-03,1.235876676e-03
327,2.600000000e-01,1.344151991e+00,2.507504311e-03,9.402029404e-04
328,2.650000000e-01,1.363383848e+00,-4.588580942e-04,2.074489419e-03
329,2.700000000e-01,1.382544394e+00,-3.467309810e-03,7.343426901e-04
330,2.750000000e-01,1.401711829e+00,-6.517767240e-03,1.595188214e-03
331,2.800000000e-01,1.420857024e+00,-9.610198919e-03,7.358039681e-04
332,2.850000000e-01,1.439988589e+00,-1.274455112e-02,9.858247014e-04
333,2.900000000e-01,1.459084880e+00,-1.592079661e-02,8.930309115e-04
334,2.950000000e-01,1.478187286e+00,-1.913887404e-02,1.414378407e-03
335,3.000000000e-01,1.497249151e+00,-2.239874277e-02,1.108647624e-03
336,3.050000000e-01,1.516265948e+00,-2.570034207e-02,6.496993094e-04
337,3.100000000e-01,1.535276253e+00,-2.904362092e-02,1.374967060e-03
338,3.150000000e-01,1.554273522e+00,-3.242855542e-02,1.490672564e-03
339,3.200000000e-01,1.573226836e+00,-3.585507022e-02,1.038155822e-03
340,3.250000000e-01,1.592146478e+00,-3.932307145e-02,1.280088794e-03
341,3.300000000e-01,1.611064228e+00,-4.283254539e-02,2.506949887e-04
342,3.350000000e-01,1.629847462e+00,-4.638338643e-02,1.651649453e-03
343,3.400000000e-01,1.648773529e+00,-4.997555794e-02,7.851857189e-04
344,3.450000000e-01,1.667579022e+00,-5.360896634e-02,4.888511429e-05
345,3.500000000e-01,1.686359029e+00,-5.728347707e-02,2.149322444e-03
346,3.550000000e-01,1.705085368e+00,-6.099919216e-02,1.319217772e-03
347,3.600000000e-01,1.723743327e+00,-6.475586048e-02,2.208737654e-03
348,3.650000000e-01,1.742426733e+00,-6.855344634e-02,1.462064410e-03
349,3.700000000e-01,1.761041240e+00,-7.239186925e-02,1.989333929e-03
350,3.750000000e-01,1.779594272e+00,-7.627099743e-02,1.595487884e-03
351,3.800000000e-01,1.798115219e+00,-8.019076474e-02,3.770820994e-04
352,3.850000000e-01,1.816577395e+00,-8.415103106e-02,2.058655901e-03
353,3.900000000e-01,1.835022406e+00,-8.815169224e-02,7.414159335e-04
354,3.950000000e-01,1.853338924e+00,-9.219261956e-02,7.727242678e-04
355,4.000000000e-01,1.871620260e+00,-9.627369587e-02,1.355197724e-03
356,4.050000000e-01,1.889839992e+00,-1.003947845e-01,2.283513323e-03
357,4.100000000e-01,1.907988153e+00,-1.045557027e-01,1.543379924e-03
358,4.150000000e-01,1.926079800e+00,-1.087563424e-01,1.162496424e-03
359,4.200000000e-01,1.944075225e+00,-1.129965280e-01,5.592872044e-04
360,4.250000000e-01,1.962048522e+00,-1.172760475e-01,7.973202902e-04
361,4.300000000e-01,1.979810932e+00,-1.215947382e-01,8.365935755e-04
362,4.350000000e-01,1.997561833e+00,-1.259524155e-01,6.144947999e-04
363,4.400000000e-01,2.015150500e+00,-1.303488263e-01,1.985630417e-03
364,4.450000000e-01,2.032728722e+00,-1.347837871e-01,3.123915070e-04
365,4.500000000e-01,2.049783866e+00,-1.392570041e-01,1.815711250e-03
366,4.550000000e-01,2.067330122e+00,-1.437682979e-01,9.450148420e-04
367,4.600000000e-01,2.084303584e+00,-1.483173385e-01,2.387232617e-03
368,4.650000000e-01,2.101251071e+00,-1.529039035e-01,1.441421790e-03
369,4.700000000e-01,2.118311161e+00,-1.575277659e-01,2.112050455e-04
370,4.750000000e-01,2.133690070e+00,-1.621888198e-01,2.480083781e-03
370,4.800000000e-01,2.136265161e+00,-1.668707161e-01,2.300210405e-03
370,4.850000000e-01,2.136265634e+00,-1.715517345e-01,2.271842561e-03
370,4.900000000e-01,2.136265537e+00,-1.762327391e-01,2.503106386e-03
370,4.950000000e-01,2.136265221e+00,-1.809137449e-01,9.987734113e-04
370,5.000000000e-01,2.136265347e+00,-1.855947490e-01,1.183372195e-03
370,5.050000000e-01,2.136265563e+00,-1.902757517e-01,1.431651451e-03
370,5.100000000e-01,2.136265700e+00,-1.949567546e-01,4.833274717e-04
370,5.150000000e-01,2.136265889e+00,-1.996377580e-01,1.082149676e-03
370,5.200000000e-01,2.136266126e+00,-2.043187622e-01,9.365887845e-04
370,5.250000000e-01,2.136266507e+00,-2.089997666e-01,1.130929514e-03
370,5.300000000e-01,2.136266637e+00,-2.136807723e-01,8.585627421e-04
370,5.350000000e-01,2.136266821e+00,-2.183617781e-01,7.477009855e-04
370,5.400000000e-01,2.136267012e+00,-2.230427844e-01,7.105153039e-04
370,5.450000000e-01,2.136267188e+00,-2.277237911e-01,6.247892519e-04
370,5.500000000e-01,2.136267362e+00,-2.324047981e-01,6.220113604e-04
370,5.550000000e-01,2.136267527e+00,-2.370858055e-01,5.284196782e-04
370,5.600000000e-01,2.136267766e+00,-2.417668130e-01,7.911046213e-04
370,5.650000000e-01,2.136267998e+00,-2.464478214e-01,5.617936770e-04
370,5.700000000e-01,2.136268099e+00,-2.511288299e-01,1.355649311e-04
370,5.750000000e-01,2.136268206e+00,-2.558098384e-01,2.696480952e-04
370,5.800000000e-01,2.136268336e+00,-2.604908470e-01,3.822335400e-04
370,5.850000000e-01,2.136268464e+00,-2.651718560e-01,3.880630345e-04
370,5.900000000e-01,2.136268588e+00,-2.698528654e-01,3.273678534e-04
370,5.950000000e-01,2.136268711e+00,-2.745338750e-01,2.621671670e-04
370,6.000000000e-01,2.136268830e+00,-2.792148849e-01,1.913098415e-04
370,6.050000000e-01,2.136268978e+00,-2.838958951e-01,3.361828024e-04
370,6.100000000e-01,2.136269082e+00,-2.885769055e-01,2.151980263e-04
370,6.150000000e-01,2.136269224e+00,-2.932579161e-01,3.120613782e-04
370,6.200000000e-01,2.136269339e+00,-2.979389271e-01,1.370811744e-04
370,6.250000000e-01,2.136269452e+00,-3.026199382e-01,1.299762234e-04
370,6.300000000e-01,2.136269560e+00,-3.073009496e-01,1.190610060e-04
370,6.350000000e-01,2.136269667e+00,-3.119819613e-01,1.024494180e-04
370,6.400000000e-01,2.136269780e+00,-3.166629731e-01,2.215864790e-04
370,6.450000000e-01,2.136269879e+00,-3.213439852e-01,1.417530379e-04
370,6.500000000e-01,2.136269980e+00,-3.260249976e-01,1.208757543e-04
370,6.550000000e-01,2.136270080e+00,-3.307060101e-01,1.242612740e-04
370,6.600000000e-01,2.136270179e+00,-3.353870228e-01,1.022463048e-04
370,6.650000000e-01,2.136270276e+00,-3.400680358e-01,9.863460597e-05
370,6.700000000e-01,2.136270383e+00,-3.447490489e-01,2.021584658e-04
370,6.750000000e-01,2.136270486e+00,-3.494300624e-01,1.040142088e-04
370,6.800000000e-01,2.136270567e+00,-3.541110759e-01,1.365664832e-04
370,6.850000000e-01,2.136270686e+00,-3.587920897e-01,1.735407024e-04
370,6.900000000e-01,2.136270748e+00,-3.634731037e-01,7.826644428e-05
370,6.950000000e-01,2.136270864e+00,-3.681541179e-01,1.657749222e-04
370,7.000000000e-01,2.136270923e+00,-3.728351323e-01,5.780394572e-05
370,7.050000000e-01,2.136271008e+00,-3.775161468e-01,8.139086826e-05
370,7.100000000e-01,2.136271094e+00,-3.821971616e-01,7.776373670e-05
370,7.150000000e-01,2.136271176e+00,-3.868781765e-01,7.192124676e-05
370,7.200000000e-01,2.136271256e+00,-3.915591916e-01,5.898997766e-05
370,7.250000000e-01,2.136271347e+00,-3.962402068e-01,1.429455552e-04
370,7.300000000e-01,2.136271419e+00,-4.009212223e-01,7.816297870e-05
370,7.350000000e-01,2.136271495e+00,-4.056022380e-01,6.113624535e-05
370,7.400000000e-01,2.136271583e+00,-4.102832537e-01,1.157157837e-04
370,7.450000000e-01,2.136271649e+00,-4.149642697e-01,5.520229808e-05
370,7.500000000e-01,2.136271734e+00,-4.196452858e-01,1.078205402e-04
370,7.550000000e-01,2.136271796e+00,-4.243263022e-01,4.745034357e-05
370,7.600000000e-01,2.136271879e+00,-4.290073186e-01,8.695436068e-05
370,7.650000000e-01,2.136271953e+00,-4.336883352e-01,3.921861801e-05
370,7.700000000e-01,2.136272011e+00,-4.383693520e-01,4.035835001e-05
370,7.750000000e-01,2.136272091e+00,-4.430503689e-01,6.425221244e-05
370,7.800000000e-01,2.136272160e+00,-4.477313860e-01,6.731624587e-05
370,7.850000000e-01,2.136272227e+00,-4.524124032e-01,4.783525041e-05
370,7.900000000e-01,2.136272294e+00,-4.570934206e-01,5.798649009e-05
370,7.950000000e-01,2.136272358e+00,-4.617744381e-01,3.335555836e-05
370,8.000000000e-01,2.136272424e+00,-4.664554557e-01,4.116582751e-05
370,8.050000000e-01,2.136272487e+00,-4.711364735e-01,3.841098850e-05
370,8.100000000e-01,2.136272550e+00,-4.758174914e-01,2.880418557e-05
370,8.150000000e-01,2.136272619e+00,-4.804985095e-01,2.597605508e-05
370,8.200000000e-01,2.136272673e+00,-4.851795277e-01,1.652718232e-05
370,8.250000000e-01,2.136272733e+00,-4.898605460e-01,2.514145078e-05
370,8.300000000e-01,2.136272795e+00,-4.945415645e-01,1.606017035e-05
370,8.350000000e-01,2.136272854e+00,-4.992225831e-01,1.351707796e-05
370,8.400000000e-01,2.136272911e+00,-5.039036018e-01,1.308387229e-05
370,8.450000000e-01,2.136272968e+00,-5.085846207e-01,1.371453250e-05
370,8.500000000e-01,2.136273024e+00,-5.132656396e-01,1.472193899e-05
370,8.550000000e-01,2.136273081e+00,-5.179466587e-01,1.310099229e-05
370,8.600000000e-01,2.136273134e+00,-5.226276780e-01,1.195504159e-05
370,8.650000000e-01,2.136273189e+00,-5.273086973e-01,1.315271683e-05
370,8.700000000e-01,2.136273241e+00,-5.319897168e-01,1.289169896e-05
370,8.750000000e-01,2.136273295e+00,-5.366707363e-01,1.206286266e-05
370,8.800000000e-01,2.136273346e+00,-5.413517560e-01,1.093461961e-05
370,8.850000000e-01,2.136273398e+00,-5.460327758e-01,1.101216671e-05
370,8.900000000e-01,2.136273449e+00,-5.507137957e-01,1.056438776e-05
370,8.950000000e-01,2.136273499e+00,-5.553948158e-01,1.016481872e-05
370,9.000000000e-01,2.136273550e+00,-5.600758359e-01,1.031502987e-05
370,9.050000000e-01,2.136273597e+00,-5.647568561e-01,9.066940486e-06
370,9.100000000e-01,2.136273647e+00,-5.694378765e-01,1.019256254e-05
370,9.150000000e-01,2.136273694e+00,-5.741188969e-01,9.887242166e-06
370,9.200000000e-01,2.136273741e+00,-5.787999175e-01,9.791033642e-06
370,9.250000000e-01,2.136273788e+00,-5.834809382e-01,9.720490680e-06
370,9.300000000e-01,2.136273834e+00,-5.881619589e-01,9.594522509e-06
370,9.350000000e-01,2.136273878e+00,-5.928429798e-01,9.223374027e-06
370,9.400000000e-01,2.136273924e+00,-5.975240007e-01,9.247762766e-06
370,9.450000000e-01,2.136273968e+00,-6.022050218e-01,9.157543764e-06
370,9.500000000e-01,2.136274012e+00,-6.068860430e-01,9.029670255e-06
370,9.550000000e-01,2.136274056e+00,-6.115670642e-01,8.997527654e-06
370,9.600000000e-01,2.136274099e+00,-6.162480856e-01,9.014534322e-06
370,9.650000000e-01,2.136274141e+00,-6.209291070e-01,9.072631333e-06
370,9.700000000e-01,2.136274183e+00,-6.256101286e-01,8.979294978e-06
370,9.750000000e-01,2.136274229e+00,-6.302911502e-01,4.339899212e-05
370,9.800000000e-01,2.136274268e+00,-6.349721719e-01,9.687202561e-06
370,9.850000000e-01,2.136274311e+00,-6.396531937e-01,3.947541069e-05
370,9.900000000e-01,2.136274349e+00,-6.443342156e-01,9.464238070e-06
370,9.950000000e-01,2.136274390e+00,-6.490152376e-01,4.186243179e-05
370,1.000000000e+00,2.136274428e+00,-6.536962597e-01,9.017067374e-06
